<?xml version="1.0" encoding="UTF-8"?>
<project-private xmlns="http://www.netbeans.org/ns/project-private/1">
    <editor-bookmarks xmlns="http://www.netbeans.org/ns/editor-bookmarks/2" lastBookmarkId="0"/>
    <open-files xmlns="http://www.netbeans.org/ns/projectui-open-files/2">
        <group>
            <file>file:/C:/Users/Raj/Documents/NetBeansProjects/Hospital%20Management%20System%20(MS%20Access)/src/Bill_Room.java</file>
            <file>file:/C:/Users/Raj/Documents/NetBeansProjects/Hospital%20Management%20System%20(MS%20Access)/src/ChangePassword.java</file>
            <file>file:/C:/Users/Raj/Documents/NetBeansProjects/Hospital%20Management%20System%20(MS%20Access)/src/Bill_WardRecord.java</file>
            <file>file:/C:/Users/Raj/Documents/NetBeansProjects/Hospital%20Management%20System%20(MS%20Access)/src/Bill_RoomRecord.java</file>
            <file>file:/C:/Users/Raj/Documents/NetBeansProjects/Hospital%20Management%20System%20(MS%20Access)/src/Bill_Ward.java</file>
        </group>
    </open-files>
</project-private>
